project,pkg_name,syscall,path,type
double-conversion,unknown,openat,/usr/bin,unknown
double-conversion,libc-bin,openat,/usr/lib/locale/C.UTF-8/LC_MESSAGES,top
double-conversion,unknown,openat,/etc/ld.so.cache,unknown
double-conversion,unknown,openat,/etc/ssl/certs/ca-certificates.crt,unknown
double-conversion,unknown,openat,/etc/ssl/certs/java,unknown
double-conversion,unknown,openat,/usr/lib/jvm/java-17-openjdk-amd64/lib/server,unknown
double-conversion,unknown,openat,/usr/lib/jvm/java-17-openjdk-amd64/lib/security,unknown
double-conversion,unknown,openat,/usr/lib/x86_64-linux-gnu,unknown
double-conversion,unknown,read,/dev/urandom,unknown
double-conversion,unknown,openat,/usr/lib/jvm/java-17-openjdk-amd64/lib,unknown
double-conversion,unknown,openat,/usr/lib/jvm/java-17-openjdk-amd64/conf,unknown
double-conversion,unknown,openat,/sys/devices/system/cpu/online,unknown
double-conversion,unknown,openat,/usr/lib,unknown
double-conversion,tzdata,read,/etc/timezone,transitive
double-conversion,unknown,read,/etc/hosts,unknown
double-conversion,unknown,read,/etc/resolv.conf,unknown
double-conversion,unknown,read,/etc/nsswitch.conf,unknown
double-conversion,unknown,read,/dev/null,unknown
double-conversion,unknown,read,/sys/fs/cgroup/user.slice/user-1001.slice/session-190.scope/memory.max,unknown
double-conversion,unknown,read,/sys/kernel/mm/transparent_hugepage/hpage_pmd_size,unknown
double-conversion,unknown,openat,/usr/lib/jvm/java-17-openjdk-amd64/include/linux,unknown
double-conversion,unknown,read,/etc/passwd,unknown
double-conversion,unknown,openat,/usr/lib/jvm/java-17-openjdk-amd64,unknown
double-conversion,unknown,openat,/usr/lib/bfd-plugins,unknown
double-conversion,unknown,openat,/dev/urandom,unknown
double-conversion,unknown,read,/etc/ssl/certs/ca-certificates.crt,unknown
double-conversion,unknown,write,/home/zhengshenyu/experiments/experiments/experiments.log,unknown
double-conversion,unknown,openat,/etc/ssl/certs,unknown
double-conversion,unknown,openat,/usr/lib/jvm/java-17-openjdk-amd64/bin,unknown
double-conversion,unknown,openat,/dev/random,unknown
double-conversion,unknown,openat,/sys/devices/system/cpu,unknown
double-conversion,tzdata,openat,/etc/timezone,transitive
double-conversion,unknown,openat,/usr/lib/jvm/java-17-openjdk-amd64/include,unknown
double-conversion,unknown,openat,/usr/lib/jvm/java-17-openjdk-amd64/conf/security/policy/limited,unknown
double-conversion,unknown,openat,/etc/hosts,unknown
double-conversion,unknown,openat,/usr/lib/jvm/java-17-openjdk-amd64/conf/security/policy,unknown
double-conversion,unknown,openat,/etc/resolv.conf,unknown
double-conversion,unknown,openat,/etc/nsswitch.conf,unknown
double-conversion,unknown,read,/sys/devices/system/cpu/online,unknown
double-conversion,unknown,openat,/usr/lib/gcc/x86_64-linux-gnu/10,unknown
double-conversion,unknown,openat,/usr/lib/jvm/java-17-openjdk-amd64/lib/jfr,unknown
double-conversion,unknown,openat,/dev/null,unknown
double-conversion,unknown,openat,/sys/fs/cgroup/user.slice/user-1001.slice/session-190.scope/memory.max,unknown
double-conversion,unknown,openat,/usr/lib/jvm/java-17-openjdk-amd64/conf/management,unknown
double-conversion,unknown,openat,/sys/kernel/mm/transparent_hugepage/hpage_pmd_size,unknown
double-conversion,unknown,openat,/etc/passwd,unknown
double-conversion,unknown,openat,/usr/lib/jvm/java-17-openjdk-amd64/conf/security/policy/unlimited,unknown
double-conversion,unknown,write,/dev/null,unknown
double-conversion,unknown,openat,/usr/lib/jvm/java-17-openjdk-amd64/conf/security,unknown
project,pkg_name,syscall,path,type
double-conversion,libc6-dev,read,/usr/include/x86_64-linux-gnu/bits/types.h,transitive
double-conversion,libc6-dev,openat,/usr/include/x86_64-linux-gnu/bits/types/sigset_t.h,transitive
double-conversion,libc6-dev,read,/usr/include/x86_64-linux-gnu/bits/types/clockid_t.h,transitive
double-conversion,libstdc++-10-dev,openat,/usr/include/c++/10/bits/range_cmp.h,transitive
double-conversion,libstdc++-10-dev,openat,/usr/include/c++/10/bits/basic_string.h,transitive
double-conversion,libc6-dev,openat,/usr/include/x86_64-linux-gnu/bits/types/__fpos64_t.h,transitive
double-conversion,ca-certificates,read,/usr/share/ca-certificates/mozilla/Go_Daddy_Root_Certificate_Authority_-_G2.crt,top
double-conversion,libstdc++-10-dev,openat,/usr/include/x86_64-linux-gnu/c++/10/bits/c++locale.h,transitive
double-conversion,libstdc++-10-dev,openat,/usr/include/c++/10/bits/move.h,transitive
double-conversion,ca-certificates,read,/usr/share/ca-certificates/mozilla/GTS_Root_R2.crt,top
double-conversion,libstdc++-10-dev,openat,/usr/include/c++/10/cstdarg,transitive
double-conversion,linux-libc-dev,openat,/usr/include/linux/limits.h,transitive
double-conversion,libstdc++-10-dev,read,/usr/include/c++/10/bits/cpp_type_traits.h,transitive
double-conversion,tzdata,openat,/usr/share/zoneinfo/Etc/UTC,transitive
double-conversion,libc6-dev,openat,/usr/include/x86_64-linux-gnu/bits/sched.h,transitive
double-conversion,libstdc++-10-dev,openat,/usr/include/x86_64-linux-gnu/c++/10/bits/os_defines.h,transitive
double-conversion,linux-libc-dev,read,/usr/include/linux/errno.h,transitive
double-conversion,libstdc++-10-dev,openat,/usr/include/c++/10/cstdint,transitive
double-conversion,libstdc++-10-dev,read,/usr/include/c++/10/bits/functional_hash.h,transitive
double-conversion,libc6-dev,openat,/usr/include/x86_64-linux-gnu/sys/types.h,transitive
double-conversion,libc6-dev,openat,/usr/include/x86_64-linux-gnu/bits/posix1_lim.h,transitive
double-conversion,libstdc++-10-dev,read,/usr/include/c++/10/bits/unique_ptr.h,transitive
double-conversion,ca-certificates,openat,/usr/share/ca-certificates/mozilla/Trustis_FPS_Root_CA.crt,top
double-conversion,libc6-dev,openat,/usr/include/features.h,transitive
double-conversion,libstdc++-10-dev,read,/usr/include/c++/10/bits/uniform_int_dist.h,transitive
double-conversion,libstdc++-10-dev,openat,/usr/include/c++/10/bits/algorithmfwd.h,transitive
double-conversion,ca-certificates,openat,/usr/share/ca-certificates/mozilla/GlobalSign_Root_CA.crt,top
double-conversion,libc6,read,/usr/lib/x86_64-linux-gnu/libresolv-2.31.so,transitive
double-conversion,libc6-dev,read,/usr/lib/x86_64-linux-gnu/libc.so,transitive
double-conversion,libc6,read,/usr/lib/x86_64-linux-gnu/libmvec-2.31.so,transitive
double-conversion,ca-certificates,openat,/usr/share/ca-certificates/mozilla/Amazon_Root_CA_3.crt,top
double-conversion,libstdc++-10-dev,openat,/usr/include/c++/10/concepts,transitive
double-conversion,libstdc++-10-dev,openat,/usr/include/c++/10/debug/assertions.h,transitive
double-conversion,ca-certificates,openat,/usr/share/ca-certificates/mozilla/DigiCert_High_Assurance_EV_Root_CA.crt,top
double-conversion,ca-certificates,openat,/usr/share/ca-certificates/mozilla/TeliaSonera_Root_CA_v1.crt,top
double-conversion,ca-certificates,read,/usr/share/ca-certificates/mozilla/Comodo_AAA_Services_root.crt,top
double-conversion,libstdc++-10-dev,openat,/usr/include/x86_64-linux-gnu/c++/10/bits/ctype_base.h,transitive
double-conversion,libc6-dev,openat,/usr/include/x86_64-linux-gnu/bits/thread-shared-types.h,transitive
double-conversion,libstdc++-10-dev,openat,/usr/include/c++/10/cstdlib,transitive
double-conversion,libstdc++-10-dev,openat,/usr/include/c++/10/backward/binders.h,transitive
double-conversion,libstdc++-10-dev,read,/usr/include/x86_64-linux-gnu/c++/10/bits/messages_members.h,transitive
double-conversion,ca-certificates,openat,/usr/share/ca-certificates/mozilla/Security_Communication_Root_CA.crt,top
double-conversion,libstdc++-10-dev,read,/usr/include/c++/10/climits,transitive
double-conversion,openjdk-17-jre-headless,read,/usr/lib/jvm/java-17-openjdk-amd64/lib/libjava.so,top
double-conversion,libstdc++-10-dev,read,/usr/include/x86_64-linux-gnu/c++/10/bits/gthr-default.h,transitive
double-conversion,ca-certificates,openat,/usr/share/ca-certificates/mozilla/ACCVRAIZ1.crt,top
double-conversion,libstdc++-10-dev,openat,/usr/include/x86_64-linux-gnu/c++/10/bits/c++config.h,transitive
double-conversion,ca-certificates,read,/usr/share/ca-certificates/mozilla/QuoVadis_Root_CA_3_G3.crt,top
double-conversion,libc6-dev,openat,/usr/include/pthread.h,transitive
double-conversion,libstdc++-10-dev,read,/usr/include/c++/10/initializer_list,transitive
double-conversion,ca-certificates,openat,/usr/share/ca-certificates/mozilla/TWCA_Global_Root_CA.crt,top
double-conversion,libc6-dev,openat,/usr/include/x86_64-linux-gnu/bits/stdio_lim.h,transitive
double-conversion,libstdc++-10-dev,openat,/usr/include/c++/10/bits/stl_iterator_base_funcs.h,transitive
double-conversion,ca-certificates,read,/usr/share/ca-certificates/mozilla/DigiCert_Trusted_Root_G4.crt,top
double-conversion,libstdc++-10-dev,openat,/usr/include/c++/10/bits/iterator_concepts.h,transitive
double-conversion,libc6-dev,read,/usr/include/wctype.h,transitive
double-conversion,ca-certificates,openat,/usr/share/ca-certificates/mozilla/EC-ACC.crt,top
double-conversion,libc6-dev,read,/usr/include/x86_64-linux-gnu/bits/long-double.h,transitive
double-conversion,libstdc++-10-dev,read,/usr/include/c++/10/cerrno,transitive
double-conversion,libc6-dev,read,/usr/include/x86_64-linux-gnu/bits/iscanonical.h,transitive
double-conversion,ca-certificates,read,/usr/share/ca-certificates/mozilla/E-Tugra_Certification_Authority.crt,top
double-conversion,libc6-dev,read,/usr/include/x86_64-linux-gnu/bits/floatn.h,transitive
double-conversion,libstdc++-10-dev,openat,/usr/include/c++/10/bits/locale_facets_nonio.h,transitive
double-conversion,libstdc++-10-dev,openat,/usr/include/x86_64-linux-gnu/c++/10/bits/ctype_inline.h,transitive
double-conversion,ca-certificates,openat,/usr/share/ca-certificates/mozilla/Amazon_Root_CA_1.crt,top
double-conversion,libstdc++-10-dev,openat,/usr/include/c++/10/bits/locale_classes.tcc,transitive
double-conversion,ca-certificates,read,/usr/share/ca-certificates/mozilla/AC_RAIZ_FNMT-RCM.crt,top
double-conversion,libstdc++-10-dev,read,/usr/include/c++/10/iosfwd,transitive
double-conversion,base-files,read,/etc/host.conf,transitive
double-conversion,libstdc++-10-dev,openat,/usr/include/c++/10/bits/stl_tempbuf.h,transitive
double-conversion,libgcc-10-dev,openat,/usr/lib/gcc/x86_64-linux-gnu/10/crtendS.o,transitive
double-conversion,libc6-dev,read,/usr/include/limits.h,transitive
double-conversion,libgcc-10-dev,openat,/usr/lib/gcc/x86_64-linux-gnu/10/crtbeginS.o,transitive
double-conversion,libstdc++-10-dev,openat,/usr/include/c++/10/debug/debug.h,transitive
double-conversion,ca-certificates,read,/usr/share/ca-certificates/mozilla/Microsoft_RSA_Root_Certificate_Authority_2017.crt,top
double-conversion,libctf0,read,/usr/lib/x86_64-linux-gnu/libctf.so.0.0.0,transitive
double-conversion,ca-certificates,openat,/usr/share/ca-certificates/mozilla/GTS_Root_R4.crt,top
double-conversion,libc6-dev,openat,/usr/include/x86_64-linux-gnu/bits/uio_lim.h,transitive
double-conversion,ca-certificates,read,/usr/share/ca-certificates/mozilla/DigiCert_Assured_ID_Root_CA.crt,top
double-conversion,ca-certificates,openat,/usr/share/ca-certificates/mozilla/ePKI_Root_Certification_Authority.crt,top
double-conversion,libc6-dev,read,/usr/include/libintl.h,transitive
double-conversion,base-files,openat,/usr/lib/os-release,transitive
double-conversion,ca-certificates,openat,/usr/share/ca-certificates/mozilla/Staat_der_Nederlanden_EV_Root_CA.crt,top
double-conversion,libc6-dev,openat,/usr/include/x86_64-linux-gnu/bits/endianness.h,transitive
double-conversion,libc6-dev,openat,/usr/include/inttypes.h,transitive
double-conversion,ca-certificates,openat,/usr/share/ca-certificates/mozilla/SwissSign_Gold_CA_-_G2.crt,top
double-conversion,libc6-dev,read,/usr/include/x86_64-linux-gnu/bits/floatn-common.h,transitive
double-conversion,libc6-dev,read,/usr/include/endian.h,transitive
double-conversion,ca-certificates,read,/usr/share/ca-certificates/mozilla/SSL.com_Root_Certification_Authority_RSA.crt,top
double-conversion,ca-certificates,openat,/usr/share/ca-certificates/mozilla/Starfield_Root_Certificate_Authority_-_G2.crt,top
double-conversion,libc6-dev,read,/usr/include/x86_64-linux-gnu/sys/select.h,transitive
double-conversion,libstdc++-10-dev,openat,/usr/include/c++/10/cmath,transitive
double-conversion,libstdc++-10-dev,read,/usr/include/c++/10/bits/codecvt.h,transitive
double-conversion,libstdc++-10-dev,openat,/usr/include/c++/10/bits/locale_conv.h,transitive
double-conversion,libstdc++-10-dev,read,/usr/include/c++/10/cstring,transitive
double-conversion,ca-certificates,read,/usr/share/ca-certificates/mozilla/Hongkong_Post_Root_CA_1.crt,top
double-conversion,libc6-dev,openat,/usr/include/x86_64-linux-gnu/bits/wchar.h,transitive
double-conversion,libstdc++6,openat,/usr/lib/x86_64-linux-gnu/libstdc++.so.6.0.28,transitive
double-conversion,libstdc++-10-dev,read,/usr/include/c++/10/cwctype,transitive
double-conversion,libstdc++-10-dev,openat,/usr/include/c++/10/bits/nested_exception.h,transitive
double-conversion,libc6-dev,openat,/usr/include/x86_64-linux-gnu/sys/cdefs.h,transitive
double-conversion,ca-certificates,read,/usr/share/ca-certificates/mozilla/Certum_Trusted_Network_CA.crt,top
double-conversion,linux-libc-dev,openat,/usr/include/linux/errno.h,transitive
double-conversion,libstdc++-10-dev,openat,/usr/include/c++/10/tuple,transitive
double-conversion,libstdc++-10-dev,read,/usr/include/c++/10/stdlib.h,transitive
double-conversion,libstdc++-10-dev,read,/usr/include/x86_64-linux-gnu/c++/10/bits/atomic_word.h,transitive
double-conversion,libc6-dev,read,/usr/include/x86_64-linux-gnu/bits/types/struct_sched_param.h,transitive
double-conversion,libstdc++-10-dev,read,/usr/include/c++/10/bits/exception_ptr.h,transitive
double-conversion,ca-certificates,openat,/usr/share/ca-certificates/mozilla/Amazon_Root_CA_4.crt,top
double-conversion,ca-certificates,read,/usr/share/ca-certificates/mozilla/Entrust_Root_Certification_Authority_-_G2.crt,top
double-conversion,libstdc++-10-dev,read,/usr/include/x86_64-linux-gnu/c++/10/bits/cpu_defines.h,transitive
double-conversion,libc6-dev,openat,/usr/include/x86_64-linux-gnu/bits/types/error_t.h,transitive
double-conversion,libc6-dev,openat,/usr/include/x86_64-linux-gnu/bits/flt-eval-method.h,transitive
double-conversion,ca-certificates,read,/usr/share/ca-certificates/mozilla/Chambers_of_Commerce_Root_-_2008.crt,top
double-conversion,libstdc++-10-dev,read,/usr/include/c++/10/bits/stl_relops.h,transitive
double-conversion,ca-certificates,read,/usr/share/ca-certificates/mozilla/emSign_ECC_Root_CA_-_C3.crt,top
double-conversion,ca-certificates,read,/usr/share/ca-certificates/mozilla/Entrust_Root_Certification_Authority.crt,top
double-conversion,ca-certificates,openat,/usr/share/ca-certificates/mozilla/AffirmTrust_Premium.crt,top
double-conversion,libstdc++-10-dev,openat,/usr/include/c++/10/utility,transitive
double-conversion,libstdc++-10-dev,read,/usr/include/c++/10/bits/ostream_insert.h,transitive
double-conversion,libstdc++-10-dev,read,/usr/include/c++/10/bits/stl_pair.h,transitive
double-conversion,openjdk-17-jre-headless,read,/usr/lib/jvm/java-17-openjdk-amd64/lib/libjli.so,top
double-conversion,libstdc++-10-dev,openat,/usr/include/c++/10/bits/allocator.h,transitive
double-conversion,libc6-dev,read,/usr/include/x86_64-linux-gnu/bits/endian.h,transitive
double-conversion,ca-certificates,openat,/usr/share/ca-certificates/mozilla/TrustCor_RootCert_CA-2.crt,top
double-conversion,ca-certificates,read,/usr/share/ca-certificates/mozilla/Hellenic_Academic_and_Research_Institutions_RootCA_2015.crt,top
double-conversion,openjdk-17-jre-headless,openat,/usr/lib/jvm/java-17-openjdk-amd64/lib/libjsvml.so,top
double-conversion,libstdc++-10-dev,read,/usr/include/c++/10/ext/type_traits.h,transitive
double-conversion,linux-libc-dev,openat,/usr/include/x86_64-linux-gnu/asm/errno.h,transitive
double-conversion,ca-certificates,read,/usr/share/ca-certificates/mozilla/Cybertrust_Global_Root.crt,top
double-conversion,libstdc++-10-dev,read,/usr/include/c++/10/cassert,transitive
double-conversion,ca-certificates,openat,/usr/share/ca-certificates/mozilla/GlobalSign_ECC_Root_CA_-_R5.crt,top
double-conversion,libc6-dev,read,/usr/include/x86_64-linux-gnu/bits/types/struct_timespec.h,transitive
double-conversion,ca-certificates,openat,/usr/share/ca-certificates/mozilla/GTS_Root_R3.crt,top
double-conversion,ca-certificates,openat,/usr/share/ca-certificates/mozilla/TWCA_Root_Certification_Authority.crt,top
double-conversion,libc6-dev,read,/usr/include/x86_64-linux-gnu/gnu/stubs.h,transitive
double-conversion,libstdc++-10-dev,openat,/usr/include/c++/10/bits/alloc_traits.h,transitive
double-conversion,libc6-dev,openat,/usr/include/x86_64-linux-gnu/bits/types/__mbstate_t.h,transitive
double-conversion,ca-certificates,read,/usr/share/ca-certificates/mozilla/QuoVadis_Root_CA.crt,top
double-conversion,libstdc++-10-dev,openat,/usr/include/c++/10/bits/std_abs.h,transitive
double-conversion,ca-certificates,read,/usr/share/ca-certificates/mozilla/GlobalSign_Root_CA_-_R3.crt,top
double-conversion,libc6-dev,read,/usr/include/alloca.h,transitive
double-conversion,ca-certificates,read,/usr/share/ca-certificates/mozilla/QuoVadis_Root_CA_1_G3.crt,top
double-conversion,ca-certificates,openat,/usr/share/ca-certificates/mozilla/DST_Root_CA_X3.crt,top
double-conversion,libc6-dev,read,/usr/include/x86_64-linux-gnu/bits/types/__fpos_t.h,transitive
double-conversion,libstdc++-10-dev,read,/usr/include/c++/10/cstdio,transitive
double-conversion,libc6,openat,/usr/lib/x86_64-linux-gnu/libpthread-2.31.so,transitive
double-conversion,ca-certificates,openat,/usr/share/ca-certificates/mozilla/DigiCert_Assured_ID_Root_G3.crt,top
double-conversion,libc6-dev,openat,/usr/include/stdc-predef.h,transitive
double-conversion,libstdc++-10-dev,read,/usr/include/c++/10/bits/exception.h,transitive
double-conversion,libstdc++-10-dev,read,/usr/include/c++/10/type_traits,transitive
double-conversion,libstdc++-10-dev,openat,/usr/include/c++/10/string,transitive
double-conversion,ca-certificates,read,/usr/share/ca-certificates/mozilla/Sonera_Class_2_Root_CA.crt,top
double-conversion,libc6-dev,read,/usr/include/x86_64-linux-gnu/bits/pthreadtypes.h,transitive
double-conversion,libstdc++-10-dev,read,/usr/include/c++/10/bits/invoke.h,transitive
double-conversion,ca-certificates,openat,/usr/share/ca-certificates/mozilla/SecureTrust_CA.crt,top
double-conversion,libstdc++-10-dev,read,/usr/include/c++/10/array,transitive
double-conversion,libc6-dev,openat,/usr/include/x86_64-linux-gnu/bits/pthreadtypes-arch.h,transitive
double-conversion,libstdc++-10-dev,read,/usr/include/c++/10/bits/cxxabi_forced.h,transitive
double-conversion,libc6,read,/usr/lib/x86_64-linux-gnu/libdl-2.31.so,transitive
double-conversion,ca-certificates,openat,/usr/share/ca-certificates/mozilla/T-TeleSec_GlobalRoot_Class_2.crt,top
double-conversion,libstdc++-10-dev,read,/usr/include/c++/10/exception,transitive
double-conversion,ca-certificates,read,/usr/share/ca-certificates/mozilla/IdenTrust_Commercial_Root_CA_1.crt,top
double-conversion,libc6-dev,openat,/usr/include/x86_64-linux-gnu/bits/stdlib-float.h,transitive
double-conversion,libc-bin,openat,/usr/lib/locale/C.UTF-8/LC_CTYPE,top
double-conversion,libc6-dev,openat,/usr/include/strings.h,transitive
double-conversion,libc6,openat,/usr/lib/x86_64-linux-gnu/libnss_files-2.31.so,transitive
double-conversion,libc6-dev,read,/usr/include/locale.h,transitive
double-conversion,libstdc++-10-dev,read,/usr/include/x86_64-linux-gnu/c++/10/bits/c++allocator.h,transitive
double-conversion,libc6-dev,read,/usr/include/x86_64-linux-gnu/bits/types/cookie_io_functions_t.h,transitive
double-conversion,ca-certificates,read,/usr/share/ca-certificates/mozilla/Trustwave_Global_Certification_Authority.crt,top
double-conversion,libstdc++-10-dev,openat,/usr/include/c++/10/bits/streambuf.tcc,transitive
double-conversion,libc6-dev,openat,/usr/include/x86_64-linux-gnu/bits/local_lim.h,transitive
double-conversion,libstdc++-10-dev,openat,/usr/include/c++/10/system_error,transitive
double-conversion,ca-certificates,read,/usr/share/ca-certificates/mozilla/USERTrust_RSA_Certification_Authority.crt,top
double-conversion,openjdk-17-jre-headless,read,/etc/java-17-openjdk/security/java.security,top
double-conversion,ca-certificates,read,/usr/share/ca-certificates/mozilla/Global_Chambersign_Root_-_2008.crt,top
double-conversion,libc6-dev,read,/usr/lib/x86_64-linux-gnu/crtn.o,transitive
double-conversion,ca-certificates,read,/usr/share/ca-certificates/mozilla/DigiCert_Global_Root_G3.crt,top
double-conversion,libc-bin,openat,/usr/lib/locale/C.UTF-8/LC_PAPER,top
double-conversion,libstdc++-10-dev,read,/usr/include/c++/10/bits/stl_algo.h,transitive
double-conversion,libc6-dev,read,/usr/include/x86_64-linux-gnu/bits/types/timer_t.h,transitive
double-conversion,openjdk-17-jre-headless,read,/usr/lib/jvm/java-17-openjdk-amd64/lib/server/classes.jsa,top
double-conversion,ca-certificates,openat,/usr/share/ca-certificates/mozilla/Staat_der_Nederlanden_Root_CA_-_G3.crt,top
double-conversion,ca-certificates,read,/usr/share/ca-certificates/mozilla/GDCA_TrustAUTH_R5_ROOT.crt,top
double-conversion,libc6-dev,read,/usr/lib/x86_64-linux-gnu/libc_nonshared.a,transitive
double-conversion,libc6-dev,read,/usr/include/wchar.h,transitive
double-conversion,libgcc-10-dev,read,/usr/lib/gcc/x86_64-linux-gnu/10/include/limits.h,transitive
double-conversion,libc6-dev,read,/usr/include/x86_64-linux-gnu/bits/types/struct_timeval.h,transitive
double-conversion,libc6-dev,openat,/usr/include/x86_64-linux-gnu/bits/mathcalls-narrow.h,transitive
double-conversion,libc6-dev,read,/usr/include/x86_64-linux-gnu/bits/libc-header-start.h,transitive
double-conversion,libgcc-s1,read,/usr/lib/x86_64-linux-gnu/libgcc_s.so.1,transitive
double-conversion,ca-certificates,openat,/usr/share/ca-certificates/mozilla/OISTE_WISeKey_Global_Root_GB_CA.crt,top
double-conversion,ca-certificates,read,/usr/share/ca-certificates/mozilla/NAVER_Global_Root_Certification_Authority.crt,top
double-conversion,ca-certificates,read,/usr/share/ca-certificates/mozilla/Baltimore_CyberTrust_Root.crt,top
double-conversion,ca-certificates,read,/usr/share/ca-certificates/mozilla/e-Szigno_Root_CA_2017.crt,top
double-conversion,libstdc++-10-dev,read,/usr/include/c++/10/bits/uses_allocator.h,transitive
double-conversion,libmpc3,read,/usr/lib/x86_64-linux-gnu/libmpc.so.3.2.0,transitive
double-conversion,ca-certificates,openat,/usr/share/ca-certificates/mozilla/COMODO_Certification_Authority.crt,top
double-conversion,ca-certificates,read,/usr/share/ca-certificates/mozilla/Buypass_Class_3_Root_CA.crt,top
double-conversion,libc6-dev,openat,/usr/include/string.h,transitive
double-conversion,ca-certificates,read,/usr/share/ca-certificates/mozilla/Izenpe.com.crt,top
double-conversion,openjdk-17-jre-headless,openat,/usr/lib/jvm/java-17-openjdk-amd64/lib/libjimage.so,top
double-conversion,libgcc-10-dev,read,/usr/lib/gcc/x86_64-linux-gnu/10/libgcc_s.so,transitive
double-conversion,libc6-dev,openat,/usr/include/x86_64-linux-gnu/bits/locale.h,transitive
double-conversion,ca-certificates,openat,/usr/share/ca-certificates/mozilla/Entrust_Root_Certification_Authority_-_G4.crt,top
double-conversion,ca-certificates,read,/usr/share/ca-certificates/mozilla/Atos_TrustedRoot_2011.crt,top
double-conversion,libc6-dev,openat,/usr/include/x86_64-linux-gnu/bits/types/struct_itimerspec.h,transitive
double-conversion,ca-certificates,read,/usr/share/ca-certificates/mozilla/Microsoft_ECC_Root_Certificate_Authority_2017.crt,top
double-conversion,ca-certificates,openat,/usr/share/ca-certificates/mozilla/CA_Disig_Root_R2.crt,top
double-conversion,libstdc++-10-dev,openat,/usr/include/c++/10/cctype,transitive
double-conversion,libc6-dev,openat,/usr/include/x86_64-linux-gnu/bits/wordsize.h,transitive
double-conversion,libc6-dev,openat,/usr/include/x86_64-linux-gnu/bits/stdint-intn.h,transitive
double-conversion,libc6-dev,openat,/usr/include/sched.h,transitive
double-conversion,libc6-dev,read,/usr/lib/x86_64-linux-gnu/libm.so,transitive
double-conversion,linux-libc-dev,read,/usr/include/asm-generic/errno-base.h,transitive
double-conversion,libc6-dev,read,/usr/include/x86_64-linux-gnu/bits/types/__locale_t.h,transitive
double-conversion,libgcc-10-dev,read,/usr/lib/gcc/x86_64-linux-gnu/10/include/syslimits.h,transitive
double-conversion,openjdk-17-jre-headless,read,/usr/lib/jvm/java-17-openjdk-amd64/lib/server/libjvm.so,top
double-conversion,libstdc++-10-dev,read,/usr/include/c++/10/algorithm,transitive
double-conversion,ca-certificates,openat,/usr/share/ca-certificates/mozilla/Starfield_Class_2_CA.crt,top
double-conversion,ca-certificates,read,/usr/share/ca-certificates/mozilla/IdenTrust_Public_Sector_Root_CA_1.crt,top
double-conversion,libc6-dev,openat,/usr/include/x86_64-linux-gnu/bits/stdint-uintn.h,transitive
double-conversion,openjdk-17-jre-headless,read,/usr/lib/jvm/java-17-openjdk-amd64/lib/libnet.so,top
double-conversion,libc6-dev,read,/usr/include/x86_64-linux-gnu/bits/waitstatus.h,transitive
double-conversion,libstdc++-10-dev,read,/usr/include/c++/10/streambuf,transitive
double-conversion,ca-certificates,read,/usr/share/ca-certificates/mozilla/GlobalSign_ECC_Root_CA_-_R4.crt,top
double-conversion,ca-certificates,read,/usr/share/ca-certificates/mozilla/XRamp_Global_CA_Root.crt,top
double-conversion,libstdc++-10-dev,openat,/usr/include/c++/10/bits/predefined_ops.h,transitive
double-conversion,libc6-dev,read,/usr/include/x86_64-linux-gnu/bits/select.h,transitive
double-conversion,libc6-dev,openat,/usr/include/x86_64-linux-gnu/bits/fp-fast.h,transitive
double-conversion,ca-certificates,openat,/usr/share/ca-certificates/mozilla/Entrust_Root_Certification_Authority_-_EC1.crt,top
double-conversion,libstdc++-10-dev,openat,/usr/include/c++/10/bits/locale_facets_nonio.tcc,transitive
double-conversion,gcc-10,read,/usr/lib/gcc/x86_64-linux-gnu/10/liblto_plugin.so.0.0.0,transitive
double-conversion,ca-certificates,read,/usr/share/ca-certificates/mozilla/emSign_Root_CA_-_G1.crt,top
double-conversion,libstdc++-10-dev,openat,/usr/include/c++/10/limits,transitive
double-conversion,libstdc++-10-dev,read,/usr/include/c++/10/ctime,transitive
double-conversion,libc6,read,/usr/lib/x86_64-linux-gnu/librt-2.31.so,transitive
double-conversion,ca-certificates,read,/usr/share/ca-certificates/mozilla/DigiCert_Global_Root_CA.crt,top
double-conversion,libmpfr6,openat,/usr/lib/x86_64-linux-gnu/libmpfr.so.6.1.0,transitive
double-conversion,libstdc++-10-dev,read,/usr/include/x86_64-linux-gnu/c++/10/bits/error_constants.h,transitive
double-conversion,libc6-dev,read,/usr/include/x86_64-linux-gnu/bits/wctype-wchar.h,transitive
double-conversion,ca-certificates,openat,/usr/share/ca-certificates/mozilla/UCA_Global_G2_Root.crt,top
double-conversion,ca-certificates,read,/usr/share/ca-certificates/mozilla/Amazon_Root_CA_2.crt,top
double-conversion,libc6-dev,openat,/usr/include/x86_64-linux-gnu/bits/libm-simd-decl-stubs.h,transitive
double-conversion,ca-certificates,read,/usr/share/ca-certificates/mozilla/SSL.com_EV_Root_Certification_Authority_RSA_R2.crt,top
double-conversion,ca-certificates,read,/usr/share/ca-certificates/mozilla/DigiCert_Assured_ID_Root_G2.crt,top
double-conversion,libc6-dev,read,/usr/include/strings.h,transitive
double-conversion,ca-certificates,openat,/usr/share/ca-certificates/mozilla/Hellenic_Academic_and_Research_Institutions_ECC_RootCA_2015.crt,top
double-conversion,libc6-dev,read,/usr/include/x86_64-linux-gnu/bits/types/sigset_t.h,transitive
double-conversion,libc-bin,openat,/usr/lib/locale/C.UTF-8/LC_ADDRESS,top
double-conversion,libstdc++-10-dev,openat,/usr/include/c++/10/bits/charconv.h,transitive
double-conversion,libstdc++-10-dev,openat,/usr/include/c++/10/ext/numeric_traits.h,transitive
double-conversion,libc6-dev,read,/usr/include/x86_64-linux-gnu/bits/math-vector.h,transitive
double-conversion,libc6-dev,read,/usr/include/x86_64-linux-gnu/bits/uintn-identity.h,transitive
double-conversion,ca-certificates,openat,/usr/share/ca-certificates/mozilla/UCA_Extended_Validation_Root.crt,top
double-conversion,libc-bin,openat,/usr/lib/locale/C.UTF-8/LC_MEASUREMENT,top
double-conversion,ca-certificates,read,/usr/share/ca-certificates/mozilla/SSL.com_Root_Certification_Authority_ECC.crt,top
double-conversion,libc6-dev,openat,/usr/lib/x86_64-linux-gnu/Scrt1.o,transitive
double-conversion,ca-certificates,openat,/usr/share/ca-certificates/mozilla/IdenTrust_Commercial_Root_CA_1.crt,top
double-conversion,libstdc++-10-dev,openat,/usr/include/c++/10/bits/stl_function.h,transitive
double-conversion,ca-certificates,openat,/usr/share/ca-certificates/mozilla/VeriSign_Universal_Root_Certification_Authority.crt,top
double-conversion,libc6-dev,read,/usr/include/x86_64-linux-gnu/bits/types/struct_tm.h,transitive
double-conversion,ca-certificates,openat,/usr/share/ca-certificates/mozilla/emSign_Root_CA_-_C1.crt,top
double-conversion,libbinutils,openat,/usr/lib/x86_64-linux-gnu/libopcodes-2.35.2-system.so,transitive
double-conversion,libstdc++-10-dev,read,/usr/include/c++/10/stdexcept,transitive
double-conversion,ca-certificates,openat,/usr/share/ca-certificates/mozilla/OISTE_WISeKey_Global_Root_GC_CA.crt,top
double-conversion,ca-certificates,openat,/usr/share/ca-certificates/mozilla/SecureSign_RootCA11.crt,top
double-conversion,ca-certificates,read,/usr/share/ca-certificates/mozilla/T-TeleSec_GlobalRoot_Class_3.crt,top
double-conversion,ca-certificates,openat,/usr/share/ca-certificates/mozilla/Trustwave_Global_ECC_P256_Certification_Authority.crt,top
double-conversion,ca-certificates,openat,/usr/share/ca-certificates/mozilla/NetLock_Arany_=Class_Gold=_Főtanúsítvány.crt,top
double-conversion,libc6-dev,read,/usr/include/features.h,transitive
double-conversion,libstdc++-10-dev,openat,/usr/include/c++/10/typeinfo,transitive
double-conversion,libgmp10,read,/usr/lib/x86_64-linux-gnu/libgmp.so.10.4.1,transitive
double-conversion,ca-certificates,read,/usr/share/ca-certificates/mozilla/AffirmTrust_Networking.crt,top
double-conversion,libstdc++-10-dev,openat,/usr/include/c++/10/locale,transitive
double-conversion,libstdc++-10-dev,openat,/usr/include/c++/10/bits/hash_bytes.h,transitive
double-conversion,ca-certificates,openat,/usr/share/ca-certificates/mozilla/Hongkong_Post_Root_CA_3.crt,top
double-conversion,libstdc++-10-dev,openat,/usr/include/c++/10/ext/atomicity.h,transitive
double-conversion,libstdc++-10-dev,openat,/usr/include/c++/10/bits/streambuf_iterator.h,transitive
double-conversion,libzstd1,read,/usr/lib/x86_64-linux-gnu/libzstd.so.1.4.8,transitive
double-conversion,libstdc++-10-dev,openat,/usr/include/c++/10/bits/concept_check.h,transitive
double-conversion,ca-certificates,read,/usr/share/ca-certificates/mozilla/GTS_Root_R1.crt,top
double-conversion,libc6-dev,openat,/usr/include/x86_64-linux-gnu/bits/sys_errlist.h,transitive
double-conversion,libc-bin,openat,/usr/lib/locale/C.UTF-8/LC_IDENTIFICATION,top
double-conversion,libc6-dev,openat,/usr/include/x86_64-linux-gnu/gnu/stubs-64.h,transitive
double-conversion,ca-certificates,read,/usr/share/ca-certificates/mozilla/SSL.com_EV_Root_Certification_Authority_ECC.crt,top
double-conversion,ca-certificates,read,/usr/share/ca-certificates/mozilla/QuoVadis_Root_CA_2.crt,top
double-conversion,libstdc++-10-dev,openat,/usr/include/c++/10/bits/localefwd.h,transitive
double-conversion,libstdc++-10-dev,read,/usr/include/c++/10/backward/binders.h,transitive
double-conversion,libc6-dev,openat,/usr/include/x86_64-linux-gnu/bits/cpu-set.h,transitive
double-conversion,libc6,openat,/usr/lib/x86_64-linux-gnu/libnss_dns-2.31.so,transitive
double-conversion,ca-certificates,openat,/usr/share/ca-certificates/mozilla/GlobalSign_Root_CA_-_R2.crt,top
double-conversion,libc6-dev,openat,/usr/include/x86_64-linux-gnu/bits/types/clockid_t.h,transitive
double-conversion,openjdk-17-jre-headless,read,/etc/java-17-openjdk/jvm-amd64.cfg,top
double-conversion,ca-certificates,read,/usr/share/ca-certificates/mozilla/GeoTrust_Primary_Certification_Authority_-_G2.crt,top
double-conversion,ca-certificates,read,/usr/share/ca-certificates/mozilla/AffirmTrust_Premium_ECC.crt,top
double-conversion,libc6-dev,read,/usr/include/errno.h,transitive
double-conversion,ca-certificates,read,/usr/share/ca-certificates/mozilla/certSIGN_ROOT_CA.crt,top
double-conversion,libc6-dev,read,/usr/include/x86_64-linux-gnu/bits/time.h,transitive
double-conversion,libc6,read,/usr/lib/x86_64-linux-gnu/libm-2.31.so,transitive
double-conversion,ca-certificates,openat,/usr/share/ca-certificates/mozilla/Certigna_Root_CA.crt,top
double-conversion,libstdc++-10-dev,openat,/usr/include/c++/10/bits/cpp_type_traits.h,transitive
double-conversion,libc6-dev,read,/usr/include/x86_64-linux-gnu/bits/types/time_t.h,transitive
double-conversion,ca-certificates,openat,/usr/share/ca-certificates/mozilla/TUBITAK_Kamu_SM_SSL_Kok_Sertifikasi_-_Surum_1.crt,top
double-conversion,ca-certificates,openat,/usr/share/ca-certificates/mozilla/CFCA_EV_ROOT.crt,top
double-conversion,libstdc++-10-dev,openat,/usr/include/c++/10/bits/locale_facets.h,transitive
double-conversion,libc6-dev,read,/usr/include/x86_64-linux-gnu/bits/types/struct_FILE.h,transitive
double-conversion,ca-certificates,read,/usr/share/ca-certificates/mozilla/Go_Daddy_Class_2_CA.crt,top
double-conversion,libc6-dev,read,/usr/include/x86_64-linux-gnu/bits/errno.h,transitive
double-conversion,libc6-dev,read,/usr/include/stdio.h,transitive
double-conversion,ca-certificates,read,/usr/share/ca-certificates/mozilla/Secure_Global_CA.crt,top
double-conversion,libc6-dev,read,/usr/lib/x86_64-linux-gnu/crti.o,transitive
double-conversion,libstdc++-10-dev,read,/usr/include/x86_64-linux-gnu/c++/10/bits/time_members.h,transitive
double-conversion,libc6-dev,read,/usr/include/x86_64-linux-gnu/bits/setjmp.h,transitive
double-conversion,libc6-dev,openat,/usr/include/x86_64-linux-gnu/bits/fp-logb.h,transitive
double-conversion,ca-certificates,read,/usr/share/ca-certificates/mozilla/TrustCor_RootCert_CA-1.crt,top
double-conversion,libstdc++-10-dev,openat,/usr/include/c++/10/bits/functional_hash.h,transitive
double-conversion,libstdc++-10-dev,openat,/usr/include/c++/10/bits/unique_ptr.h,transitive
double-conversion,libstdc++-10-dev,read,/usr/include/c++/10/bits/locale_classes.h,transitive
double-conversion,libc6,read,/usr/lib/x86_64-linux-gnu/ld-2.31.so,transitive
double-conversion,libstdc++-10-dev,openat,/usr/include/c++/10/bits/uniform_int_dist.h,transitive
double-conversion,libstdc++-10-dev,read,/usr/include/c++/10/bits/basic_string.tcc,transitive
double-conversion,libc6,read,/usr/lib/x86_64-linux-gnu/libc-2.31.so,transitive
double-conversion,libc6-dev,openat,/usr/lib/x86_64-linux-gnu/libc.so,transitive
double-conversion,ca-certificates,openat,/usr/share/ca-certificates/mozilla/SSL.com_EV_Root_Certification_Authority_RSA_R2.crt,top
double-conversion,libc6-dev,read,/usr/include/x86_64-linux-gnu/bits/struct_rwlock.h,transitive
double-conversion,libstdc++-10-dev,read,/usr/include/c++/10/ext/alloc_traits.h,transitive
double-conversion,libstdc++-10-dev,read,/usr/include/c++/10/bits/stl_algobase.h,transitive
double-conversion,libstdc++-10-dev,read,/usr/include/c++/10/bits/memoryfwd.h,transitive
double-conversion,libstdc++-10-dev,read,/usr/include/c++/10/bits/postypes.h,transitive
double-conversion,ca-certificates,read,/usr/share/ca-certificates/mozilla/COMODO_ECC_Certification_Authority.crt,top
double-conversion,libstdc++-10-dev,openat,/usr/include/c++/10/clocale,transitive
double-conversion,libc6-dev,read,/usr/include/x86_64-linux-gnu/bits/types/__FILE.h,transitive
double-conversion,libstdc++-10-dev,openat,/usr/include/x86_64-linux-gnu/c++/10/bits/messages_members.h,transitive
double-conversion,libstdc++-10-dev,read,/usr/include/c++/10/bits/cxxabi_init_exception.h,transitive
double-conversion,ca-certificates,openat,/usr/share/ca-certificates/mozilla/Go_Daddy_Root_Certificate_Authority_-_G2.crt,top
double-conversion,libc6-dev,read,/usr/include/x86_64-linux-gnu/bits/byteswap.h,transitive
double-conversion,ca-certificates,read,/usr/share/ca-certificates/mozilla/Certum_Trusted_Network_CA_2.crt,top
double-conversion,libc6-dev,openat,/usr/include/x86_64-linux-gnu/bits/types/mbstate_t.h,transitive
double-conversion,cpp-10,execve,/usr/lib/gcc/x86_64-linux-gnu/10/cc1,transitive
double-conversion,libc6-dev,read,/usr/include/time.h,transitive
double-conversion,libstdc++-10-dev,openat,/usr/include/c++/10/bits/stl_construct.h,transitive
double-conversion,ca-certificates,openat,/usr/share/ca-certificates/mozilla/GTS_Root_R2.crt,top
double-conversion,libgcc-10-dev,read,/usr/lib/gcc/x86_64-linux-gnu/10/include/stddef.h,transitive
double-conversion,libstdc++-10-dev,openat,/usr/include/c++/10/climits,transitive
double-conversion,libstdc++-10-dev,openat,/usr/include/c++/10/ext/new_allocator.h,transitive
double-conversion,ca-certificates,read,/usr/share/ca-certificates/mozilla/QuoVadis_Root_CA_2_G3.crt,top
double-conversion,openjdk-17-jre-headless,openat,/usr/lib/jvm/java-17-openjdk-amd64/lib/libjava.so,top
double-conversion,libstdc++-10-dev,openat,/usr/include/x86_64-linux-gnu/c++/10/bits/gthr-default.h,transitive
double-conversion,libbinutils,read,/usr/lib/x86_64-linux-gnu/libbfd-2.35.2-system.so,transitive
double-conversion,libstdc++-10-dev,openat,/usr/include/c++/10/initializer_list,transitive
double-conversion,ca-certificates,read,/usr/share/ca-certificates/mozilla/SZAFIR_ROOT_CA2.crt,top
double-conversion,libstdc++-10-dev,read,/usr/include/c++/10/bits/ios_base.h,transitive
double-conversion,linux-libc-dev,read,/usr/include/asm-generic/errno.h,transitive
double-conversion,libc6-dev,openat,/usr/include/x86_64-linux-gnu/bits/long-double.h,transitive
double-conversion,libstdc++-10-dev,openat,/usr/include/c++/10/cerrno,transitive
double-conversion,ca-certificates,read,/usr/share/ca-certificates/mozilla/AffirmTrust_Commercial.crt,top
double-conversion,openjdk-17-jre-headless,read,/usr/lib/jvm/java-17-openjdk-amd64/lib/libnio.so,top
double-conversion,libc6-dev,openat,/usr/include/x86_64-linux-gnu/bits/iscanonical.h,transitive
double-conversion,libstdc++-10-dev,read,/usr/include/c++/10/new,transitive
double-conversion,libstdc++-10-dev,openat,/usr/include/c++/10/bits/stringfwd.h,transitive
double-conversion,libc6-dev,openat,/usr/include/x86_64-linux-gnu/bits/floatn.h,transitive
double-conversion,libgcc-10-dev,read,/usr/lib/gcc/x86_64-linux-gnu/10/include/stdint.h,transitive
double-conversion,libc-bin,openat,/usr/lib/locale/C.UTF-8/LC_TIME,top
double-conversion,ca-certificates,read,/usr/share/ca-certificates/mozilla/Hellenic_Academic_and_Research_Institutions_RootCA_2011.crt,top
double-conversion,libc6-dev,openat,/usr/include/x86_64-linux-gnu/bits/typesizes.h,transitive
double-conversion,libc6,openat,/usr/lib/x86_64-linux-gnu/libresolv-2.31.so,transitive
double-conversion,binutils,execve,/usr/bin/ar,transitive
double-conversion,libstdc++-10-dev,read,/usr/include/c++/10/utility,transitive
double-conversion,libstdc++-10-dev,openat,/usr/include/c++/10/iosfwd,transitive
double-conversion,ca-certificates,read,/usr/share/ca-certificates/mozilla/Starfield_Services_Root_Certificate_Authority_-_G2.crt,top
double-conversion,libgcc-10-dev,read,/usr/lib/gcc/x86_64-linux-gnu/10/libgcc.a,transitive
double-conversion,libc6,openat,/usr/lib/x86_64-linux-gnu/libmvec-2.31.so,transitive
double-conversion,libc6-dev,openat,/usr/include/limits.h,transitive
double-conversion,gcc-10,execve,/usr/lib/gcc/x86_64-linux-gnu/10/collect2,transitive
double-conversion,libc6-dev,read,/usr/include/x86_64-linux-gnu/bits/types/locale_t.h,transitive
double-conversion,libstdc++-10-dev,read,/usr/include/c++/10/bits/locale_facets.tcc,transitive
double-conversion,ca-certificates,read,/usr/share/ca-certificates/mozilla/Network_Solutions_Certificate_Authority.crt,top
double-conversion,ca-certificates,read,/usr/share/ca-certificates/mozilla/D-TRUST_Root_Class_3_CA_2_EV_2009.crt,top
double-conversion,libc6-dev,read,/usr/include/x86_64-linux-gnu/bits/mathcalls.h,transitive
double-conversion,ca-certificates,read,/usr/share/ca-certificates/mozilla/Entrust.net_Premium_2048_Secure_Server_CA.crt,top
double-conversion,libc6-dev,openat,/usr/include/libintl.h,transitive
double-conversion,ca-certificates,openat,/usr/share/ca-certificates/mozilla/Comodo_AAA_Services_root.crt,top
double-conversion,ca-certificates,read,/usr/share/ca-certificates/mozilla/USERTrust_ECC_Certification_Authority.crt,top
double-conversion,libstdc++-10-dev,read,/usr/include/c++/10/bits/char_traits.h,transitive
double-conversion,ca-certificates,read,/usr/share/ca-certificates/mozilla/Trustwave_Global_ECC_P384_Certification_Authority.crt,top
double-conversion,ca-certificates,read,/usr/share/ca-certificates/mozilla/ISRG_Root_X1.crt,top
double-conversion,libc6-dev,openat,/usr/include/x86_64-linux-gnu/bits/floatn-common.h,transitive
double-conversion,libc6-dev,openat,/usr/include/endian.h,transitive
double-conversion,ca-certificates,read,/usr/share/ca-certificates/mozilla/Certigna.crt,top
double-conversion,ca-certificates,read,/usr/share/ca-certificates/mozilla/SwissSign_Silver_CA_-_G2.crt,top
double-conversion,ca-certificates,read,/usr/share/ca-certificates/mozilla/GlobalSign_Root_CA_-_R6.crt,top
double-conversion,ca-certificates,read,/usr/share/ca-certificates/mozilla/COMODO_RSA_Certification_Authority.crt,top
double-conversion,libstdc++-10-dev,openat,/usr/include/c++/10/bits/codecvt.h,transitive
double-conversion,ca-certificates,read,/usr/share/ca-certificates/mozilla/Buypass_Class_2_Root_CA.crt,top
double-conversion,libc6-dev,openat,/usr/include/x86_64-linux-gnu/bits/xopen_lim.h,transitive
double-conversion,libc6-dev,read,/usr/include/x86_64-linux-gnu/bits/timesize.h,transitive
double-conversion,ca-certificates,openat,/usr/share/ca-certificates/mozilla/QuoVadis_Root_CA_3_G3.crt,top
double-conversion,libstdc++-10-dev,openat,/usr/include/c++/10/cstring,transitive
double-conversion,libc6-dev,read,/usr/include/stdlib.h,transitive
double-conversion,libc6-dev,read,/usr/include/x86_64-linux-gnu/bits/types/wint_t.h,transitive
double-conversion,libc6-dev,read,/usr/include/x86_64-linux-gnu/bits/types/__sigset_t.h,transitive
double-conversion,ca-certificates,openat,/usr/share/ca-certificates/mozilla/DigiCert_Trusted_Root_G4.crt,top
double-conversion,libstdc++-10-dev,openat,/usr/include/c++/10/cwctype,transitive
double-conversion,libgcc-10-dev,read,/usr/lib/gcc/x86_64-linux-gnu/10/include/stdarg.h,transitive
double-conversion,ca-certificates,read,/usr/share/ca-certificates/mozilla/D-TRUST_Root_Class_3_CA_2_2009.crt,top
double-conversion,ca-certificates,openat,/usr/share/ca-certificates/mozilla/Secure_Global_CA.crt,top
double-conversion,libstdc++-10-dev,openat,/usr/include/c++/10/stdlib.h,transitive
double-conversion,libc6-dev,read,/usr/include/x86_64-linux-gnu/bits/types/FILE.h,transitive
double-conversion,zlib1g,read,/usr/lib/x86_64-linux-gnu/libz.so.1.2.11,transitive
double-conversion,ca-certificates,read,/usr/share/ca-certificates/mozilla/TrustCor_ECA-1.crt,top
double-conversion,ca-certificates,openat,/usr/share/ca-certificates/mozilla/E-Tugra_Certification_Authority.crt,top
double-conversion,libc6-dev,read,/usr/include/x86_64-linux-gnu/bits/waitflags.h,transitive
double-conversion,libstdc++-10-dev,read,/usr/include/c++/10/ext/string_conversions.h,transitive
double-conversion,libc6-dev,read,/usr/include/x86_64-linux-gnu/bits/time64.h,transitive
double-conversion,libstdc++-10-dev,openat,/usr/include/x86_64-linux-gnu/c++/10/bits/atomic_word.h,transitive
double-conversion,libc6,openat,/usr/lib/x86_64-linux-gnu/ld-2.31.so,transitive
double-conversion,ca-certificates,openat,/usr/share/ca-certificates/mozilla/AC_RAIZ_FNMT-RCM.crt,top
double-conversion,libc6-dev,openat,/usr/include/x86_64-linux-gnu/bits/types/struct_sched_param.h,transitive
double-conversion,libstdc++-10-dev,openat,/usr/include/c++/10/bits/exception_ptr.h,transitive
double-conversion,libstdc++-10-dev,read,/usr/include/c++/10/bits/ptr_traits.h,transitive
double-conversion,libstdc++-10-dev,openat,/usr/include/x86_64-linux-gnu/c++/10/bits/cpu_defines.h,transitive
double-conversion,base-files,openat,/etc/host.conf,transitive
double-conversion,libctf0,openat,/usr/lib/x86_64-linux-gnu/libctf.so.0.0.0,transitive
double-conversion,ca-certificates,openat,/usr/share/ca-certificates/mozilla/Microsoft_RSA_Root_Certificate_Authority_2017.crt,top
double-conversion,ca-certificates,openat,/usr/share/ca-certificates/mozilla/DigiCert_Assured_ID_Root_CA.crt,top
double-conversion,libstdc++-10-dev,read,/usr/include/c++/10/system_error,transitive
double-conversion,ca-certificates,read,/usr/share/ca-certificates/mozilla/DigiCert_Global_Root_G2.crt,top
double-conversion,libstdc++-10-dev,openat,/usr/include/c++/10/bits/ostream_insert.h,transitive
double-conversion,ca-certificates,read,/usr/share/ca-certificates/mozilla/emSign_ECC_Root_CA_-_G3.crt,top
double-conversion,openjdk-17-jre-headless,openat,/usr/lib/jvm/java-17-openjdk-amd64/lib/modules,top
double-conversion,openjdk-17-jre-headless,openat,/usr/lib/jvm/java-17-openjdk-amd64/lib/libjli.so,top
double-conversion,ca-certificates,openat,/usr/share/ca-certificates/mozilla/SSL.com_Root_Certification_Authority_RSA.crt,top
double-conversion,libc6-dev,openat,/usr/include/x86_64-linux-gnu/bits/endian.h,transitive
double-conversion,libisl23,read,/usr/lib/x86_64-linux-gnu/libisl.so.23.0.0,transitive
double-conversion,libstdc++-10-dev,openat,/usr/include/c++/10/cassert,transitive
double-conversion,libc6-dev,openat,/usr/include/x86_64-linux-gnu/bits/types/struct_timespec.h,transitive
double-conversion,libc6-dev,read,/usr/include/ctype.h,transitive
double-conversion,libstdc++-10-dev,read,/usr/include/c++/10/bits/stl_iterator_base_types.h,transitive
double-conversion,ca-certificates,openat,/usr/share/ca-certificates/mozilla/Hongkong_Post_Root_CA_1.crt,top
double-conversion,libc6-dev,openat,/usr/include/x86_64-linux-gnu/gnu/stubs.h,transitive
double-conversion,ca-certificates,read,/usr/share/ca-certificates/mozilla/Autoridad_de_Certificacion_Firmaprofesional_CIF_A62634068.crt,top
double-conversion,libstdc++-10-dev,openat,/usr/include/c++/10/bits/range_access.h,transitive
double-conversion,ca-certificates,openat,/usr/share/ca-certificates/mozilla/Certum_Trusted_Network_CA.crt,top
double-conversion,libstdc++-10-dev,read,/usr/include/c++/10/bits/stl_iterator.h,transitive
double-conversion,libc6-dev,openat,/usr/include/alloca.h,transitive
double-conversion,libc6,read,/usr/lib/x86_64-linux-gnu/libnss_files-2.31.so,transitive
double-conversion,libc6-dev,read,/usr/include/x86_64-linux-gnu/bits/struct_mutex.h,transitive
double-conversion,libstdc++-10-dev,read,/usr/include/x86_64-linux-gnu/c++/10/bits/gthr.h,transitive
double-conversion,libstdc++-10-dev,read,/usr/include/c++/10/bits/functexcept.h,transitive
double-conversion,libstdc++-10-dev,openat,/usr/include/c++/10/cstdio,transitive
double-conversion,libc6-dev,read,/usr/include/x86_64-linux-gnu/bits/locale.h,transitive
double-conversion,libc6-dev,read,/usr/include/x86_64-linux-gnu/bits/mathcalls-helper-functions.h,transitive
double-conversion,libc6-dev,openat,/usr/include/x86_64-linux-gnu/bits/types/__fpos_t.h,transitive
double-conversion,libc6-dev,read,/usr/include/stdint.h,transitive
double-conversion,libstdc++-10-dev,openat,/usr/include/c++/10/type_traits,transitive
double-conversion,libstdc++-10-dev,read,/usr/include/c++/10/cctype,transitive
double-conversion,libc6-dev,openat,/usr/include/x86_64-linux-gnu/bits/pthreadtypes.h,transitive
double-conversion,libstdc++-10-dev,openat,/usr/include/c++/10/bits/invoke.h,transitive
double-conversion,libc6-dev,read,/usr/include/math.h,transitive
double-conversion,ca-certificates,openat,/usr/share/ca-certificates/mozilla/Entrust_Root_Certification_Authority_-_G2.crt,top
double-conversion,linux-libc-dev,read,/usr/include/linux/limits.h,transitive
double-conversion,libstdc++-10-dev,openat,/usr/include/c++/10/array,transitive
double-conversion,libstdc++-10-dev,openat,/usr/include/c++/10/bits/cxxabi_forced.h,transitive
double-conversion,libstdc++-10-dev,openat,/usr/include/c++/10/exception,transitive
double-conversion,ca-certificates,openat,/usr/share/ca-certificates/mozilla/Chambers_of_Commerce_Root_-_2008.crt,top
double-conversion,ca-certificates,openat,/usr/share/ca-certificates/mozilla/Entrust_Root_Certification_Authority.crt,top
double-conversion,ca-certificates,openat,/usr/share/ca-certificates/mozilla/emSign_ECC_Root_CA_-_C3.crt,top
double-conversion,libc6-dev,openat,/usr/include/x86_64-linux-gnu/bits/timex.h,transitive
double-conversion,libstdc++-10-dev,openat,/usr/include/x86_64-linux-gnu/c++/10/bits/c++allocator.h,transitive
double-conversion,libc6-dev,openat,/usr/include/x86_64-linux-gnu/bits/types/cookie_io_functions_t.h,transitive
double-conversion,libstdc++-10-dev,openat,/usr/include/c++/10/bits/stl_heap.h,transitive
double-conversion,libc6-dev,read,/usr/include/x86_64-linux-gnu/bits/fp-fast.h,transitive
double-conversion,ca-certificates,openat,/usr/share/ca-certificates/mozilla/Hellenic_Academic_and_Research_Institutions_RootCA_2015.crt,top
double-conversion,libstdc++-10-dev,read,/usr/include/c++/10/bits/exception_defines.h,transitive
double-conversion,ca-certificates,read,/usr/share/ca-certificates/mozilla/Trustis_FPS_Root_CA.crt,top
double-conversion,libc6-dev,openat,/usr/lib/x86_64-linux-gnu/crtn.o,transitive
double-conversion,ca-certificates,openat,/usr/share/ca-certificates/mozilla/Cybertrust_Global_Root.crt,top
double-conversion,libc6-dev,read,/usr/include/x86_64-linux-gnu/bits/posix2_lim.h,transitive
double-conversion,ca-certificates,read,/usr/share/ca-certificates/mozilla/GlobalSign_Root_CA.crt,top
double-conversion,libstdc++-10-dev,openat,/usr/include/c++/10/bits/stl_algo.h,transitive
double-conversion,ca-certificates,openat,/usr/share/ca-certificates/mozilla/COMODO_RSA_Certification_Authority.crt,top
double-conversion,libc-bin,openat,/usr/lib/locale/C.UTF-8/LC_COLLATE,top
double-conversion,openjdk-17-jre-headless,openat,/usr/lib/jvm/java-17-openjdk-amd64/lib/server/classes.jsa,top
double-conversion,libc6-dev,openat,/usr/include/wchar.h,transitive
double-conversion,libstdc++-10-dev,read,/usr/include/c++/10/cwchar,transitive
double-conversion,libc6-dev,openat,/usr/lib/x86_64-linux-gnu/libc_nonshared.a,transitive
double-conversion,ca-certificates,read,/usr/share/ca-certificates/mozilla/Amazon_Root_CA_3.crt,top
double-conversion,libc6-dev,openat,/usr/include/x86_64-linux-gnu/bits/libc-header-start.h,transitive
double-conversion,ca-certificates,openat,/usr/share/ca-certificates/mozilla/QuoVadis_Root_CA.crt,top
double-conversion,libstdc++-10-dev,read,/usr/include/c++/10/bits/charconv.h,transitive
double-conversion,ca-certificates,read,/usr/share/ca-certificates/mozilla/DigiCert_High_Assurance_EV_Root_CA.crt,top
double-conversion,ca-certificates,openat,/usr/share/ca-certificates/mozilla/GlobalSign_Root_CA_-_R3.crt,top
double-conversion,ca-certificates,read,/usr/share/ca-certificates/mozilla/TeliaSonera_Root_CA_v1.crt,top
double-conversion,libc-bin,openat,/usr/lib/locale/C.UTF-8/LC_TELEPHONE,top
double-conversion,libc6-dev,openat,/usr/include/x86_64-linux-gnu/bits/types/clock_t.h,transitive
double-conversion,ca-certificates,openat,/usr/share/ca-certificates/mozilla/QuoVadis_Root_CA_1_G3.crt,top
double-conversion,libc6-dev,read,/usr/include/x86_64-linux-gnu/bits/timex.h,transitive
double-conversion,libc6-dev,read,/usr/include/assert.h,transitive
double-conversion,libstdc++-10-dev,read,/usr/include/c++/10/ext/numeric_traits.h,transitive
double-conversion,libc-bin,openat,/usr/lib/locale/C.UTF-8/LC_NUMERIC,top
double-conversion,libstdc++-10-dev,read,/usr/include/c++/10/bits/range_cmp.h,transitive
double-conversion,libstdc++-10-dev,openat,/usr/include/c++/10/bits/uses_allocator.h,transitive
double-conversion,libstdc++-10-dev,read,/usr/include/c++/10/bits/basic_string.h,transitive
double-conversion,libc6-dev,read,/usr/include/x86_64-linux-gnu/bits/types/__fpos64_t.h,transitive
double-conversion,libstdc++-10-dev,read,/usr/include/x86_64-linux-gnu/c++/10/bits/c++locale.h,transitive
double-conversion,libstdc++-10-dev,read,/usr/include/c++/10/bits/move.h,transitive
double-conversion,ca-certificates,openat,/usr/share/ca-certificates/mozilla/Sonera_Class_2_Root_CA.crt,top
double-conversion,libstdc++-10-dev,read,/usr/include/c++/10/cstdarg,transitive
double-conversion,libstdc++-10-dev,read,/usr/include/c++/10/bits/stl_function.h,transitive
double-conversion,ca-certificates,read,/usr/share/ca-certificates/mozilla/Security_Communication_Root_CA.crt,top
double-conversion,libc6,openat,/usr/lib/x86_64-linux-gnu/libdl-2.31.so,transitive
double-conversion,ca-certificates,read,/usr/share/ca-certificates/mozilla/TWCA_Global_Root_CA.crt,top
double-conversion,libc6-dev,read,/usr/include/x86_64-linux-gnu/bits/sched.h,transitive
double-conversion,libstdc++-10-dev,read,/usr/include/x86_64-linux-gnu/c++/10/bits/os_defines.h,transitive
double-conversion,ca-certificates,read,/usr/share/ca-certificates/mozilla/EC-ACC.crt,top
double-conversion,libstdc++-10-dev,openat,/usr/include/c++/10/algorithm,transitive
double-conversion,libstdc++-10-dev,read,/usr/include/c++/10/cstdint,transitive
double-conversion,ca-certificates,openat,/usr/share/ca-certificates/mozilla/Trustwave_Global_Certification_Authority.crt,top
double-conversion,openjdk-17-jre-headless,openat,/usr/lib/jvm/java-17-openjdk-amd64/lib/libnet.so,top
double-conversion,libc6-dev,openat,/usr/include/x86_64-linux-gnu/bits/waitstatus.h,transitive
double-conversion,ca-certificates,openat,/usr/share/ca-certificates/mozilla/USERTrust_RSA_Certification_Authority.crt,top
double-conversion,libc6-dev,read,/usr/include/x86_64-linux-gnu/sys/types.h,transitive
double-conversion,libc6-dev,read,/usr/include/x86_64-linux-gnu/bits/posix1_lim.h,transitive
double-conversion,libstdc++-10-dev,openat,/usr/include/c++/10/streambuf,transitive
double-conversion,ca-certificates,openat,/usr/share/ca-certificates/mozilla/Global_Chambersign_Root_-_2008.crt,top
double-conversion,ca-certificates,openat,/usr/share/ca-certificates/mozilla/DigiCert_Global_Root_G3.crt,top
double-conversion,libstdc++-10-dev,read,/usr/include/c++/10/bits/algorithmfwd.h,transitive
double-conversion,libc6-dev,openat,/usr/include/x86_64-linux-gnu/bits/select.h,transitive
double-conversion,libc6-dev,read,/usr/include/x86_64-linux-gnu/bits/sys_errlist.h,transitive
double-conversion,ca-certificates,openat,/usr/share/ca-certificates/mozilla/GDCA_TrustAUTH_R5_ROOT.crt,top
double-conversion,libgcc-10-dev,openat,/usr/lib/gcc/x86_64-linux-gnu/10/include/limits.h,transitive
double-conversion,libgcc-10-dev,read,/usr/lib/gcc/x86_64-linux-gnu/10/crtbeginS.o,transitive
double-conversion,libgcc-10-dev,read,/usr/lib/gcc/x86_64-linux-gnu/10/crtendS.o,transitive
double-conversion,ca-certificates,read,/usr/share/ca-certificates/mozilla/GTS_Root_R4.crt,top
double-conversion,libstdc++-10-dev,openat,/usr/include/c++/10/ctime,transitive
double-conversion,libstdc++-10-dev,read,/usr/include/c++/10/concepts,transitive
double-conversion,ca-certificates,read,/usr/share/ca-certificates/mozilla/ePKI_Root_Certification_Authority.crt,top
double-conversion,libgcc-s1,openat,/usr/lib/x86_64-linux-gnu/libgcc_s.so.1,transitive
double-conversion,base-files,read,/usr/lib/os-release,transitive
double-conversion,libstdc++-10-dev,read,/usr/include/c++/10/debug/assertions.h,transitive
double-conversion,libstdc++-10-dev,openat,/usr/include/x86_64-linux-gnu/c++/10/bits/error_constants.h,transitive
double-conversion,ca-certificates,openat,/usr/share/ca-certificates/mozilla/NAVER_Global_Root_Certification_Authority.crt,top
double-conversion,ca-certificates,openat,/usr/share/ca-certificates/mozilla/Baltimore_CyberTrust_Root.crt,top
double-conversion,libstdc++-10-dev,read,/usr/include/x86_64-linux-gnu/c++/10/bits/ctype_base.h,transitive
double-conversion,ca-certificates,openat,/usr/share/ca-certificates/mozilla/e-Szigno_Root_CA_2017.crt,top
double-conversion,libc6-dev,read,/usr/include/x86_64-linux-gnu/bits/thread-shared-types.h,transitive
double-conversion,libstdc++-10-dev,read,/usr/include/c++/10/cstdlib,transitive
double-conversion,ca-certificates,read,/usr/share/ca-certificates/mozilla/SwissSign_Gold_CA_-_G2.crt,top
double-conversion,libmpc3,openat,/usr/lib/x86_64-linux-gnu/libmpc.so.3.2.0,transitive
double-conversion,ca-certificates,openat,/usr/share/ca-certificates/mozilla/Buypass_Class_3_Root_CA.crt,top
double-conversion,ca-certificates,read,/usr/share/ca-certificates/mozilla/Starfield_Root_Certificate_Authority_-_G2.crt,top
double-conversion,ca-certificates,openat,/usr/share/ca-certificates/mozilla/Izenpe.com.crt,top
double-conversion,libc6-dev,openat,/usr/include/x86_64-linux-gnu/bits/types.h,transitive
double-conversion,gcc,execve,/usr/bin/gcc,transitive
double-conversion,libgcc-10-dev,openat,/usr/lib/gcc/x86_64-linux-gnu/10/libgcc_s.so,transitive
double-conversion,libc6-dev,openat,/usr/include/x86_64-linux-gnu/bits/math-vector.h,transitive
double-conversion,ca-certificates,openat,/usr/share/ca-certificates/mozilla/Atos_TrustedRoot_2011.crt,top
double-conversion,ca-certificates,openat,/usr/share/ca-certificates/mozilla/Microsoft_ECC_Root_Certificate_Authority_2017.crt,top
double-conversion,libstdc++-10-dev,read,/usr/include/x86_64-linux-gnu/c++/10/bits/c++config.h,transitive
double-conversion,libc6-dev,openat,/usr/include/x86_64-linux-gnu/bits/uintn-identity.h,transitive
double-conversion,libc6-dev,read,/usr/include/pthread.h,transitive
double-conversion,libc6-dev,read,/usr/include/x86_64-linux-gnu/bits/stdio_lim.h,transitive
double-conversion,libc-bin,openat,/usr/lib/locale/C.UTF-8/LC_NAME,top
double-conversion,libstdc++-10-dev,read,/usr/include/c++/10/bits/stl_iterator_base_funcs.h,transitive
double-conversion,linux-libc-dev,openat,/usr/include/asm-generic/errno-base.h,transitive
double-conversion,libstdc++-10-dev,read,/usr/include/c++/10/bits/locale_facets.h,transitive
double-conversion,libgcc-10-dev,openat,/usr/lib/gcc/x86_64-linux-gnu/10/include/syslimits.h,transitive
double-conversion,libc6-dev,openat,/usr/include/x86_64-linux-gnu/bits/types/struct_tm.h,transitive
double-conversion,libstdc++6,read,/usr/lib/x86_64-linux-gnu/libstdc++.so.6.0.28,transitive
double-conversion,libstdc++-10-dev,read,/usr/include/c++/10/bits/iterator_concepts.h,transitive
double-conversion,ca-certificates,openat,/usr/share/ca-certificates/mozilla/IdenTrust_Public_Sector_Root_CA_1.crt,top
double-conversion,libstdc++-10-dev,openat,/usr/include/c++/10/stdexcept,transitive
double-conversion,libc6-dev,read,/usr/include/x86_64-linux-gnu/bits/fp-logb.h,transitive
double-conversion,ca-certificates,read,/usr/share/ca-certificates/mozilla/QuoVadis_Root_CA_3.crt,top
double-conversion,ca-certificates,openat,/usr/share/ca-certificates/mozilla/GlobalSign_ECC_Root_CA_-_R4.crt,top
double-conversion,libstdc++-10-dev,read,/usr/include/c++/10/bits/locale_facets_nonio.h,transitive
double-conversion,libstdc++-10-dev,read,/usr/include/x86_64-linux-gnu/c++/10/bits/ctype_inline.h,transitive
double-conversion,ca-certificates,openat,/usr/share/ca-certificates/mozilla/XRamp_Global_CA_Root.crt,top
double-conversion,libc6,openat,/usr/lib/x86_64-linux-gnu/gconv/gconv-modules.cache,transitive
double-conversion,libstdc++-10-dev,read,/usr/include/c++/10/bits/locale_classes.tcc,transitive
double-conversion,ca-certificates,read,/usr/share/ca-certificates/mozilla/Amazon_Root_CA_4.crt,top
double-conversion,gcc-10,openat,/usr/lib/gcc/x86_64-linux-gnu/10/liblto_plugin.so.0.0.0,transitive
double-conversion,ca-certificates,openat,/usr/share/ca-certificates/mozilla/emSign_Root_CA_-_G1.crt,top
double-conversion,libstdc++-10-dev,read,/usr/include/c++/10/bits/stl_tempbuf.h,transitive
double-conversion,libc6,openat,/usr/lib/x86_64-linux-gnu/librt-2.31.so,transitive
double-conversion,ca-certificates,openat,/usr/share/ca-certificates/mozilla/DigiCert_Global_Root_CA.crt,top
double-conversion,libstdc++-10-dev,read,/usr/include/c++/10/debug/debug.h,transitive
double-conversion,libc6-dev,read,/usr/include/x86_64-linux-gnu/bits/uio_lim.h,transitive
double-conversion,ca-certificates,read,/usr/share/ca-certificates/mozilla/AffirmTrust_Premium.crt,top
double-conversion,ca-certificates,openat,/usr/share/ca-certificates/mozilla/Amazon_Root_CA_2.crt,top
double-conversion,libc6-dev,read,/usr/include/x86_64-linux-gnu/bits/endianness.h,transitive
double-conversion,ca-certificates,openat,/usr/share/ca-certificates/mozilla/DigiCert_Assured_ID_Root_G2.crt,top
double-conversion,libc6-dev,read,/usr/include/inttypes.h,transitive
double-conversion,libstdc++-10-dev,read,/usr/include/c++/10/clocale,transitive
double-conversion,openjdk-17-jre-headless,execve,/usr/lib/jvm/java-17-openjdk-amd64/bin/java,top
double-conversion,ca-certificates,read,/usr/share/ca-certificates/mozilla/TrustCor_RootCert_CA-2.crt,top
double-conversion,ca-certificates,read,/usr/share/ca-certificates/mozilla/Microsec_e-Szigno_Root_CA_2009.crt,top
double-conversion,linux-libc-dev,read,/usr/include/x86_64-linux-gnu/asm/errno.h,transitive
double-conversion,libstdc++-10-dev,read,/usr/include/c++/10/cmath,transitive
double-conversion,libc-bin,openat,/usr/lib/locale/C.UTF-8/LC_MONETARY,top
double-conversion,libc6-dev,read,/usr/include/x86_64-linux-gnu/bits/types/mbstate_t.h,transitive
double-conversion,libstdc++-10-dev,read,/usr/include/c++/10/bits/stl_construct.h,transitive
double-conversion,ca-certificates,read,/usr/share/ca-certificates/mozilla/GTS_Root_R3.crt,top
double-conversion,ca-certificates,read,/usr/share/ca-certificates/mozilla/GlobalSign_ECC_Root_CA_-_R5.crt,top
double-conversion,openjdk-17-jre-headless,openat,/etc/java-17-openjdk/jvm-amd64.cfg,top
double-conversion,libstdc++-10-dev,read,/usr/include/c++/10/bits/locale_conv.h,transitive
double-conversion,ca-certificates,read,/usr/share/ca-certificates/mozilla/TWCA_Root_Certification_Authority.crt,top
double-conversion,libc6-dev,read,/usr/include/x86_64-linux-gnu/bits/wchar.h,transitive
double-conversion,libstdc++-10-dev,read,/usr/include/c++/10/ext/new_allocator.h,transitive
double-conversion,ca-certificates,openat,/usr/share/ca-certificates/mozilla/SSL.com_Root_Certification_Authority_ECC.crt,top
double-conversion,libc6-dev,openat,/usr/include/errno.h,transitive
double-conversion,libstdc++-10-dev,read,/usr/include/c++/10/bits/nested_exception.h,transitive
double-conversion,libc6-dev,openat,/usr/include/x86_64-linux-gnu/bits/time.h,transitive
double-conversion,libc6-dev,read,/usr/include/x86_64-linux-gnu/sys/cdefs.h,transitive
double-conversion,libc6-dev,openat,/usr/include/x86_64-linux-gnu/bits/types/time_t.h,transitive
double-conversion,libstdc++-10-dev,read,/usr/include/c++/10/tuple,transitive
double-conversion,ca-certificates,openat,/usr/share/ca-certificates/mozilla/T-TeleSec_GlobalRoot_Class_3.crt,top
double-conversion,ca-certificates,read,/usr/share/ca-certificates/mozilla/DST_Root_CA_X3.crt,top
double-conversion,libc6-dev,openat,/usr/include/wctype.h,transitive
double-conversion,libc6,read,/usr/lib/x86_64-linux-gnu/libpthread-2.31.so,transitive
double-conversion,libc6-dev,openat,/usr/include/x86_64-linux-gnu/bits/types/struct_FILE.h,transitive
double-conversion,libc6-dev,openat,/usr/include/x86_64-linux-gnu/bits/errno.h,transitive
double-conversion,ca-certificates,read,/usr/share/ca-certificates/mozilla/DigiCert_Assured_ID_Root_G3.crt,top
double-conversion,libc6-dev,openat,/usr/include/stdio.h,transitive
double-conversion,libstdc++-10-dev,openat,/usr/include/x86_64-linux-gnu/c++/10/bits/time_members.h,transitive
double-conversion,libgmp10,openat,/usr/lib/x86_64-linux-gnu/libgmp.so.10.4.1,transitive
double-conversion,libstdc++-10-dev,read,/usr/include/c++/10/bits/stringfwd.h,transitive
double-conversion,libc6-dev,openat,/usr/lib/x86_64-linux-gnu/crti.o,transitive
double-conversion,libc6-dev,openat,/usr/include/x86_64-linux-gnu/bits/setjmp.h,transitive
double-conversion,ca-certificates,openat,/usr/share/ca-certificates/mozilla/AffirmTrust_Networking.crt,top
double-conversion,coreutils,execve,/bin/true,top
double-conversion,ca-certificates,read,/usr/share/ca-certificates/mozilla/SecureTrust_CA.crt,top
double-conversion,libc6-dev,read,/usr/include/x86_64-linux-gnu/bits/typesizes.h,transitive
double-conversion,libc6-dev,read,/usr/include/x86_64-linux-gnu/bits/types/error_t.h,transitive
double-conversion,libc6-dev,read,/usr/include/x86_64-linux-gnu/bits/flt-eval-method.h,transitive
double-conversion,libzstd1,openat,/usr/lib/x86_64-linux-gnu/libzstd.so.1.4.8,transitive
double-conversion,ca-certificates,read,/usr/share/ca-certificates/mozilla/T-TeleSec_GlobalRoot_Class_2.crt,top
double-conversion,ca-certificates,openat,/usr/share/ca-certificates/mozilla/GTS_Root_R1.crt,top
double-conversion,libstdc++-10-dev,openat,/usr/include/c++/10/bits/locale_classes.h,transitive
double-conversion,libstdc++-10-dev,openat,/usr/include/c++/10/bits/basic_string.tcc,transitive
double-conversion,ca-certificates,openat,/usr/share/ca-certificates/mozilla/SSL.com_EV_Root_Certification_Authority_ECC.crt,top
double-conversion,ca-certificates,openat,/usr/share/ca-certificates/mozilla/QuoVadis_Root_CA_2.crt,top
double-conversion,libc6-dev,openat,/usr/include/x86_64-linux-gnu/bits/struct_rwlock.h,transitive
double-conversion,libstdc++-10-dev,read,/usr/include/c++/10/bits/allocator.h,transitive
double-conversion,libstdc++-10-dev,openat,/usr/include/c++/10/ext/alloc_traits.h,transitive
double-conversion,openjdk-17-jre-headless,read,/usr/lib/jvm/java-17-openjdk-amd64/lib/libjsvml.so,top
double-conversion,libstdc++-10-dev,openat,/usr/include/c++/10/bits/stl_algobase.h,transitive
double-conversion,libstdc++-10-dev,openat,/usr/include/c++/10/bits/memoryfwd.h,transitive
double-conversion,libstdc++-10-dev,openat,/usr/include/c++/10/bits/postypes.h,transitive
double-conversion,ca-certificates,openat,/usr/share/ca-certificates/mozilla/GeoTrust_Primary_Certification_Authority_-_G2.crt,top
double-conversion,libc6-dev,read,/usr/include/x86_64-linux-gnu/bits/xopen_lim.h,transitive
double-conversion,ca-certificates,read,/usr/share/ca-certificates/mozilla/Staat_der_Nederlanden_Root_CA_-_G3.crt,top
double-conversion,libstdc++-10-dev,openat,/usr/include/c++/10/bits/cxxabi_init_exception.h,transitive
double-conversion,ca-certificates,openat,/usr/share/ca-certificates/mozilla/AffirmTrust_Premium_ECC.crt,top
double-conversion,libc6-dev,openat,/usr/include/x86_64-linux-gnu/bits/types/__FILE.h,transitive
double-conversion,libc6-dev,openat,/usr/include/x86_64-linux-gnu/bits/byteswap.h,transitive
double-conversion,libc6-dev,openat,/usr/include/x86_64-linux-gnu/sys/select.h,transitive
double-conversion,ca-certificates,openat,/usr/share/ca-certificates/mozilla/certSIGN_ROOT_CA.crt,top
double-conversion,libc6-dev,openat,/usr/include/time.h,transitive
double-conversion,libc6,openat,/usr/lib/x86_64-linux-gnu/libm-2.31.so,transitive
double-conversion,libstdc++-10-dev,read,/usr/include/c++/10/bits/alloc_traits.h,transitive
double-conversion,libstdc++-10-dev,read,/usr/include/c++/10/bits/std_abs.h,transitive
double-conversion,libc6-dev,read,/usr/include/x86_64-linux-gnu/bits/types/__mbstate_t.h,transitive
double-conversion,ca-certificates,read,/usr/share/ca-certificates/mozilla/OISTE_WISeKey_Global_Root_GB_CA.crt,top
double-conversion,ca-certificates,openat,/usr/share/ca-certificates/mozilla/Go_Daddy_Class_2_CA.crt,top
double-conversion,ca-certificates,openat,/usr/share/ca-certificates/mozilla/QuoVadis_Root_CA_3.crt,top
double-conversion,libc6-dev,read,/usr/include/stdc-predef.h,transitive
double-conversion,ca-certificates,read,/usr/share/ca-certificates/mozilla/COMODO_Certification_Authority.crt,top
double-conversion,libstdc++-10-dev,read,/usr/include/c++/10/string,transitive
double-conversion,libstdc++-10-dev,openat,/usr/include/c++/10/bits/ios_base.h,transitive
double-conversion,ca-certificates,openat,/usr/share/ca-certificates/mozilla/TrustCor_RootCert_CA-1.crt,top
double-conversion,libc6-dev,read,/usr/include/x86_64-linux-gnu/bits/pthreadtypes-arch.h,transitive
double-conversion,ca-certificates,read,/usr/share/ca-certificates/mozilla/Entrust_Root_Certification_Authority_-_G4.crt,top
double-conversion,openjdk-17-jre-headless,openat,/usr/lib/jvm/java-17-openjdk-amd64/lib/libnio.so,top
double-conversion,ca-certificates,read,/usr/share/ca-certificates/mozilla/certSIGN_Root_CA_G2.crt,top
double-conversion,libstdc++-10-dev,openat,/usr/include/c++/10/new,transitive
double-conversion,ca-certificates,read,/usr/share/ca-certificates/mozilla/CA_Disig_Root_R2.crt,top
double-conversion,libc6-dev,read,/usr/include/x86_64-linux-gnu/bits/stdlib-float.h,transitive
double-conversion,libc6,openat,/usr/lib/x86_64-linux-gnu/libc-2.31.so,transitive
double-conversion,ca-certificates,read,/usr/share/ca-certificates/mozilla/Actalis_Authentication_Root_CA.crt,top
double-conversion,ca-certificates,read,/usr/share/ca-certificates/mozilla/Starfield_Class_2_CA.crt,top
double-conversion,libstdc++-10-dev,read,/usr/include/c++/10/bits/streambuf.tcc,transitive
double-conversion,libc6-dev,read,/usr/include/x86_64-linux-gnu/bits/local_lim.h,transitive
double-conversion,libstdc++-10-dev,openat,/usr/include/c++/10/bits/stl_relops.h,transitive
double-conversion,libc6-dev,openat,/usr/include/x86_64-linux-gnu/bits/types/locale_t.h,transitive
double-conversion,libstdc++-10-dev,openat,/usr/include/c++/10/bits/locale_facets.tcc,transitive
double-conversion,ca-certificates,read,/usr/share/ca-certificates/mozilla/Security_Communication_RootCA2.crt,top
double-conversion,libc6-dev,openat,/usr/include/x86_64-linux-gnu/bits/mathcalls.h,transitive
double-conversion,libstdc++-10-dev,openat,/usr/include/c++/10/bits/stl_pair.h,transitive
double-conversion,ca-certificates,openat,/usr/share/ca-certificates/mozilla/COMODO_ECC_Certification_Authority.crt,top
double-conversion,ca-certificates,openat,/usr/share/ca-certificates/mozilla/Microsec_e-Szigno_Root_CA_2009.crt,top
double-conversion,libstdc++-10-dev,openat,/usr/include/c++/10/bits/char_traits.h,transitive
double-conversion,ca-certificates,read,/usr/share/ca-certificates/mozilla/Entrust_Root_Certification_Authority_-_EC1.crt,top
double-conversion,libstdc++-10-dev,openat,/usr/include/c++/10/ext/type_traits.h,transitive
double-conversion,binutils,execve,/usr/bin/as,transitive
double-conversion,ca-certificates,openat,/usr/share/ca-certificates/mozilla/Certum_Trusted_Network_CA_2.crt,top
double-conversion,libc6-dev,read,/usr/include/x86_64-linux-gnu/bits/mathcalls-narrow.h,transitive
double-conversion,libmpfr6,read,/usr/lib/x86_64-linux-gnu/libmpfr.so.6.1.0,transitive
double-conversion,libgcc-10-dev,openat,/usr/lib/gcc/x86_64-linux-gnu/10/include/stddef.h,transitive
double-conversion,libstdc++-10-dev,read,/usr/include/c++/10/bits/range_access.h,transitive
double-conversion,ca-certificates,openat,/usr/share/ca-certificates/mozilla/QuoVadis_Root_CA_2_G3.crt,top
double-conversion,libc6-dev,openat,/usr/include/x86_64-linux-gnu/bits/timesize.h,transitive
double-conversion,libbinutils,openat,/usr/lib/x86_64-linux-gnu/libbfd-2.35.2-system.so,transitive
double-conversion,ca-certificates,read,/usr/share/ca-certificates/mozilla/UCA_Global_G2_Root.crt,top
double-conversion,libc6-dev,openat,/usr/include/stdlib.h,transitive
double-conversion,ca-certificates,read,/usr/share/ca-certificates/mozilla/Hellenic_Academic_and_Research_Institutions_ECC_RootCA_2015.crt,top
double-conversion,libc6-dev,openat,/usr/include/x86_64-linux-gnu/bits/types/wint_t.h,transitive
double-conversion,ca-certificates,openat,/usr/share/ca-certificates/mozilla/SZAFIR_ROOT_CA2.crt,top
double-conversion,libc6-dev,openat,/usr/include/x86_64-linux-gnu/bits/types/__sigset_t.h,transitive
double-conversion,libc6-dev,read,/usr/include/string.h,transitive
double-conversion,linux-libc-dev,openat,/usr/include/asm-generic/errno.h,transitive
double-conversion,openjdk-17-jre-headless,read,/usr/lib/jvm/java-17-openjdk-amd64/lib/libjimage.so,top
double-conversion,ca-certificates,openat,/usr/share/ca-certificates/mozilla/AffirmTrust_Commercial.crt,top
double-conversion,libc6-dev,read,/usr/include/x86_64-linux-gnu/bits/types/struct_itimerspec.h,transitive
double-conversion,libc6-dev,openat,/usr/include/x86_64-linux-gnu/bits/types/FILE.h,transitive
double-conversion,libstdc++-10-dev,openat,/usr/include/c++/10/bits/exception.h,transitive
double-conversion,ca-certificates,read,/usr/share/ca-certificates/mozilla/UCA_Extended_Validation_Root.crt,top
double-conversion,libgcc-10-dev,openat,/usr/lib/gcc/x86_64-linux-gnu/10/include/stdint.h,transitive
double-conversion,libc6-dev,read,/usr/include/x86_64-linux-gnu/bits/wordsize.h,transitive
double-conversion,libc6-dev,openat,/usr/include/x86_64-linux-gnu/bits/waitflags.h,transitive
double-conversion,libc6-dev,read,/usr/include/x86_64-linux-gnu/bits/stdint-intn.h,transitive
double-conversion,libc6-dev,openat,/usr/include/x86_64-linux-gnu/bits/time64.h,transitive
double-conversion,libc6-dev,read,/usr/include/sched.h,transitive
double-conversion,libstdc++-10-dev,openat,/usr/include/c++/10/ext/string_conversions.h,transitive
double-conversion,ca-certificates,openat,/usr/share/ca-certificates/mozilla/Hellenic_Academic_and_Research_Institutions_RootCA_2011.crt,top
double-conversion,ca-certificates,read,/usr/share/ca-certificates/mozilla/VeriSign_Universal_Root_Certification_Authority.crt,top
double-conversion,ca-certificates,read,/usr/share/ca-certificates/mozilla/emSign_Root_CA_-_C1.crt,top
double-conversion,libstdc++-10-dev,openat,/usr/include/c++/10/bits/ptr_traits.h,transitive
double-conversion,libc6-dev,read,/usr/include/x86_64-linux-gnu/bits/stdint-uintn.h,transitive
double-conversion,libbinutils,read,/usr/lib/x86_64-linux-gnu/libopcodes-2.35.2-system.so,transitive
double-conversion,ca-certificates,openat,/usr/share/ca-certificates/mozilla/Starfield_Services_Root_Certificate_Authority_-_G2.crt,top
double-conversion,libgcc-10-dev,openat,/usr/lib/gcc/x86_64-linux-gnu/10/libgcc.a,transitive
double-conversion,ca-certificates,read,/usr/share/ca-certificates/mozilla/OISTE_WISeKey_Global_Root_GC_CA.crt,top
double-conversion,binutils,execve,/usr/bin/ld,transitive
double-conversion,ca-certificates,read,/usr/share/ca-certificates/mozilla/SecureSign_RootCA11.crt,top
double-conversion,tzdata,read,/usr/share/zoneinfo/Etc/UTC,transitive
double-conversion,libstdc++-10-dev,read,/usr/include/c++/10/bits/stl_heap.h,transitive
double-conversion,ca-certificates,openat,/usr/share/ca-certificates/mozilla/Network_Solutions_Certificate_Authority.crt,top
double-conversion,libc6-dev,openat,/usr/include/locale.h,transitive
double-conversion,ca-certificates,openat,/usr/share/ca-certificates/mozilla/D-TRUST_Root_Class_3_CA_2_EV_2009.crt,top
double-conversion,ca-certificates,openat,/usr/share/ca-certificates/mozilla/Entrust.net_Premium_2048_Secure_Server_CA.crt,top
double-conversion,ca-certificates,openat,/usr/share/ca-certificates/mozilla/USERTrust_ECC_Certification_Authority.crt,top
double-conversion,ca-certificates,read,/usr/share/ca-certificates/mozilla/Trustwave_Global_ECC_P256_Certification_Authority.crt,top
double-conversion,ca-certificates,read,/usr/share/ca-certificates/mozilla/NetLock_Arany_=Class_Gold=_Főtanúsítvány.crt,top
double-conversion,ca-certificates,openat,/usr/share/ca-certificates/mozilla/Trustwave_Global_ECC_P384_Certification_Authority.crt,top
double-conversion,libstdc++-10-dev,read,/usr/include/c++/10/bits/predefined_ops.h,transitive
double-conversion,ca-certificates,openat,/usr/share/ca-certificates/mozilla/ISRG_Root_X1.crt,top
double-conversion,libstdc++-10-dev,read,/usr/include/c++/10/bits/locale_facets_nonio.tcc,transitive
double-conversion,openjdk-17-jre-headless,openat,/etc/java-17-openjdk/security/java.security,top
double-conversion,ca-certificates,openat,/usr/share/ca-certificates/mozilla/Certigna.crt,top
double-conversion,libstdc++-10-dev,read,/usr/include/c++/10/limits,transitive
double-conversion,ca-certificates,read,/usr/share/ca-certificates/mozilla/Hongkong_Post_Root_CA_3.crt,top
double-conversion,ca-certificates,openat,/usr/share/ca-certificates/mozilla/SwissSign_Silver_CA_-_G2.crt,top
double-conversion,ca-certificates,openat,/usr/share/ca-certificates/mozilla/GlobalSign_Root_CA_-_R6.crt,top
double-conversion,libc6-dev,openat,/usr/include/x86_64-linux-gnu/bits/types/timer_t.h,transitive
double-conversion,ca-certificates,openat,/usr/share/ca-certificates/mozilla/Buypass_Class_2_Root_CA.crt,top
double-conversion,libc6-dev,openat,/usr/include/ctype.h,transitive
double-conversion,libc6-dev,read,/usr/include/x86_64-linux-gnu/bits/libm-simd-decl-stubs.h,transitive
double-conversion,libstdc++-10-dev,openat,/usr/include/c++/10/bits/stl_iterator_base_types.h,transitive
double-conversion,libc6-dev,openat,/usr/include/x86_64-linux-gnu/bits/types/struct_timeval.h,transitive
double-conversion,libc6-dev,read,/usr/include/x86_64-linux-gnu/bits/types/clock_t.h,transitive
double-conversion,g++-10,execve,/usr/lib/gcc/x86_64-linux-gnu/10/cc1plus,top
double-conversion,libgcc-10-dev,openat,/usr/lib/gcc/x86_64-linux-gnu/10/include/stdarg.h,transitive
double-conversion,ca-certificates,openat,/usr/share/ca-certificates/mozilla/D-TRUST_Root_Class_3_CA_2_2009.crt,top
double-conversion,libstdc++-10-dev,openat,/usr/include/c++/10/bits/stl_iterator.h,transitive
double-conversion,libc6,read,/usr/lib/x86_64-linux-gnu/libnss_dns-2.31.so,transitive
double-conversion,libc6-dev,openat,/usr/include/x86_64-linux-gnu/bits/struct_mutex.h,transitive
double-conversion,zlib1g,openat,/usr/lib/x86_64-linux-gnu/libz.so.1.2.11,transitive
double-conversion,libstdc++-10-dev,openat,/usr/include/x86_64-linux-gnu/c++/10/bits/gthr.h,transitive
double-conversion,libc6-dev,openat,/usr/include/x86_64-linux-gnu/bits/mathcalls-helper-functions.h,transitive
double-conversion,ca-certificates,openat,/usr/share/ca-certificates/mozilla/TrustCor_ECA-1.crt,top
double-conversion,ca-certificates,read,/usr/share/ca-certificates/mozilla/GlobalSign_Root_CA_-_R2.crt,top
double-conversion,libstdc++-10-dev,openat,/usr/include/c++/10/bits/functexcept.h,transitive
double-conversion,binutils,execve,/usr/bin/ld.gold,transitive
double-conversion,libc6-dev,openat,/usr/include/stdint.h,transitive
double-conversion,ca-certificates,openat,/usr/share/ca-certificates/mozilla/certSIGN_Root_CA_G2.crt,top
double-conversion,libc6-dev,read,/usr/lib/x86_64-linux-gnu/Scrt1.o,transitive
double-conversion,libc6-dev,openat,/usr/include/math.h,transitive
double-conversion,ca-certificates,read,/usr/share/ca-certificates/mozilla/ACCVRAIZ1.crt,top
double-conversion,ca-certificates,read,/usr/share/ca-certificates/mozilla/Certigna_Root_CA.crt,top
double-conversion,ca-certificates,openat,/usr/share/ca-certificates/mozilla/Actalis_Authentication_Root_CA.crt,top
double-conversion,libc-bin,openat,/usr/lib/locale/C.UTF-8/LC_MESSAGES/SYS_LC_MESSAGES,top
double-conversion,ca-certificates,read,/usr/share/ca-certificates/mozilla/TUBITAK_Kamu_SM_SSL_Kok_Sertifikasi_-_Surum_1.crt,top
double-conversion,ca-certificates,read,/usr/share/ca-certificates/mozilla/CFCA_EV_ROOT.crt,top
double-conversion,libc6-dev,openat,/usr/lib/x86_64-linux-gnu/libm.so,transitive
double-conversion,libc6-dev,openat,/usr/include/x86_64-linux-gnu/bits/types/__locale_t.h,transitive
double-conversion,openjdk-17-jre-headless,openat,/usr/lib/jvm/java-17-openjdk-amd64/lib/server/libjvm.so,top
double-conversion,ca-certificates,openat,/usr/share/ca-certificates/mozilla/DigiCert_Global_Root_G2.crt,top
double-conversion,ca-certificates,openat,/usr/share/ca-certificates/mozilla/Security_Communication_RootCA2.crt,top
double-conversion,libstdc++-10-dev,read,/usr/include/c++/10/typeinfo,transitive
double-conversion,ca-certificates,openat,/usr/share/ca-certificates/mozilla/emSign_ECC_Root_CA_-_G3.crt,top
double-conversion,libstdc++-10-dev,read,/usr/include/c++/10/locale,transitive
double-conversion,libstdc++-10-dev,read,/usr/include/c++/10/bits/hash_bytes.h,transitive
double-conversion,libstdc++-10-dev,read,/usr/include/c++/10/ext/atomicity.h,transitive
double-conversion,libstdc++-10-dev,read,/usr/include/c++/10/bits/streambuf_iterator.h,transitive
double-conversion,ca-certificates,read,/usr/share/ca-certificates/mozilla/Amazon_Root_CA_1.crt,top
double-conversion,libstdc++-10-dev,read,/usr/include/c++/10/bits/concept_check.h,transitive
double-conversion,libstdc++-10-dev,openat,/usr/include/c++/10/bits/exception_defines.h,transitive
double-conversion,libisl23,openat,/usr/lib/x86_64-linux-gnu/libisl.so.23.0.0,transitive
double-conversion,libc6-dev,read,/usr/include/x86_64-linux-gnu/gnu/stubs-64.h,transitive
double-conversion,libc6-dev,openat,/usr/include/x86_64-linux-gnu/bits/posix2_lim.h,transitive
double-conversion,libstdc++-10-dev,openat,/usr/include/c++/10/cwchar,transitive
double-conversion,libstdc++-10-dev,read,/usr/include/c++/10/bits/localefwd.h,transitive
double-conversion,ca-certificates,openat,/usr/share/ca-certificates/mozilla/Autoridad_de_Certificacion_Firmaprofesional_CIF_A62634068.crt,top
double-conversion,ca-certificates,read,/usr/share/ca-certificates/mozilla/Staat_der_Nederlanden_EV_Root_CA.crt,top
double-conversion,libc6-dev,openat,/usr/include/x86_64-linux-gnu/bits/wctype-wchar.h,transitive
double-conversion,libc6-dev,read,/usr/include/x86_64-linux-gnu/bits/cpu-set.h,transitive
double-conversion,libc6-dev,openat,/usr/include/assert.h,transitive
